Activity,D,H,M,S,P,AMPM,time,tba
 Chrome,7,6,0,55,PM,12,64855,454
 Chrome,7,6,8,29,PM,12,65309,1268
 Chrome,7,6,29,37,PM,12,66577,15955
 Chrome,7,10,55,32,PM,12,82532,66
 Chrome,7,10,56,38,PM,12,82598,193
 Chrome,7,10,59,51,PM,12,82791,54462
 Chrome,8,2,7,33,PM,12,137253,2947
 Chrome,8,2,56,40,PM,12,140200,315
 Chrome,8,3,1,55,PM,12,140515,659
 Chrome,8,3,12,54,PM,12,141174,193
 Chrome,8,3,16,7,PM,12,141367,700
 Chrome,8,3,27,47,PM,12,142067,198
 Chrome,8,3,31,5,PM,12,142265,487
 Chrome,8,3,39,12,PM,12,142752,44
 Chrome,8,3,39,56,PM,12,142796,574
 Chrome,8,3,49,30,PM,12,143370,2033
 Chrome,8,4,23,23,PM,12,145403,2698
 Chrome,8,5,8,21,PM,12,148101,66
 Chrome,8,5,9,27,PM,12,148167,22881
 Chrome,8,11,30,48,PM,12,171048,56
 Chrome,8,11,31,44,PM,12,171104,40132
 Chrome,9,10,40,36,AM,0,211236,121
 Chrome,9,10,42,37,AM,0,211357,41
 Chrome,9,10,43,18,AM,0,211398,81
 Chrome,9,10,44,39,AM,0,211479,36
 Chrome,9,10,45,15,AM,0,211515,26
 Chrome,9,10,45,41,AM,0,211541,325
 Chrome,9,10,51,6,AM,0,211866,585
 Chrome,9,11,0,51,AM,0,212451,334
 Chrome,9,11,6,25,AM,0,212785,172
 Chrome,9,11,9,17,AM,0,212957,240
 Chrome,9,11,13,17,AM,0,213197,430
 Chrome,9,11,20,27,AM,0,213627,627
 Chrome,9,11,30,54,AM,0,214254,26
 Chrome,9,11,31,20,AM,0,214280,5561
 Chrome,9,1,4,1,PM,12,219841,4916
 Chrome,9,2,25,57,PM,12,224757,132
 Chrome,9,2,28,9,PM,12,224889,2839
 Chrome,9,3,15,28,PM,12,227728,274
 Chrome,9,3,20,2,PM,12,228002,315
 Chrome,9,3,25,17,PM,12,228317,17278
 Chrome,9,8,13,15,PM,12,245595,713
 Chrome,9,8,25,8,PM,12,246308,1017
 Chrome,9,8,42,5,PM,12,247325,44053
 Chrome,10,8,56,18,AM,0,291378,15
 Chrome,10,8,56,33,AM,0,291393,814
 Chrome,10,9,10,7,AM,0,292207,27396
 Chrome,10,4,46,43,PM,12,319603,66267
 Chrome,11,11,11,10,AM,0,385870,1288
 Chrome,11,11,32,38,AM,0,387158,6412
 Chrome,11,1,19,30,PM,12,393570,3999
 Chrome,11,2,26,9,PM,12,397569,452
 Chrome,11,2,33,41,PM,12,398021,517
 Chrome,11,2,42,18,PM,12,398538,16304
 Chrome,11,7,14,2,PM,12,414842,66
 Chrome,11,7,15,8,PM,12,414908,117
 Chrome,11,7,17,5,PM,12,415025,82
 Chrome,11,7,18,27,PM,12,415107,137
 Chrome,11,7,20,44,PM,12,415244,142
 Chrome,11,7,23,6,PM,12,415386,259
 Chrome,11,7,27,25,PM,12,415645,755
 Chrome,11,7,40,0,PM,12,416400,5546
 Chrome,11,9,12,26,PM,12,421946,148
 Chrome,11,9,14,54,PM,12,422094,91
 Chrome,11,9,16,25,PM,12,422185,16
 Chrome,11,9,16,41,PM,12,422201,402
 Chrome,11,9,23,23,PM,12,422603,254
 Chrome,11,9,27,37,PM,12,422857,652
 Chrome,11,9,38,29,PM,12,423509,463
 Chrome,11,9,46,12,PM,12,423972,56137
 Chrome,12,1,21,49,PM,12,480109,10
 Chrome,12,1,21,59,PM,12,480119,24314
 Chrome,12,8,7,13,PM,12,504433,1193
 Chrome,12,8,27,6,PM,12,505626,1350
 Chrome,12,8,49,36,PM,12,506976,41
 Chrome,12,8,50,17,PM,12,507017,2582
 Chrome,12,9,33,19,PM,12,509599,214
 Chrome,12,9,36,53,PM,12,509813,1716
 Chrome,12,10,5,29,PM,12,511529,38579
 Chrome,13,8,48,28,AM,0,550108,10
 Chrome,13,8,48,38,AM,0,550118,163
 Chrome,13,8,51,21,AM,0,550281,4201
 Chrome,13,10,1,22,AM,0,554482,203
 Chrome,13,10,4,45,AM,0,554685,72
 Chrome,13,10,5,57,AM,0,554757,2811
 Chrome,13,10,52,48,AM,0,557568,275
 Chrome,13,10,57,23,AM,0,557843,123
 Chrome,13,10,59,26,AM,0,557966,31
 Chrome,13,10,59,57,AM,0,557997,10
 Chrome,13,11,0,7,AM,0,558007,15
 Chrome,13,11,0,22,AM,0,558022,16
 Chrome,13,11,0,38,AM,0,558038,10
 Chrome,13,11,0,48,AM,0,558048,9765
 Chrome,13,1,43,33,PM,12,567813,6507
 Chrome,13,3,32,0,PM,12,574320,66221
 Chrome,14,9,55,41,AM,0,640541,1739
 Chrome,14,10,24,40,AM,0,642280,2651
 Chrome,14,11,8,51,AM,0,644931,360
 Chrome,14,11,14,51,AM,0,645291,995
 Chrome,14,11,31,26,AM,0,646286,45840
 Chrome,14,12,15,26,PM,12,692126,-32826
 Chrome,14,3,8,20,PM,12,659300,279
 Chrome,14,3,12,59,PM,12,659579,260
 Chrome,14,3,17,19,PM,12,659839,35
 Chrome,14,3,17,54,PM,12,659874,1646
 Chrome,14,3,45,20,PM,12,661520,4841
 Chrome,14,5,6,1,PM,12,666361,1001
 Chrome,14,5,22,42,PM,12,667362,55118
 Chrome,15,8,41,20,AM,0,722480,7263
 Chrome,15,10,42,23,AM,0,729743,35564
 Chrome,15,8,35,7,PM,12,765307,46
 Chrome,15,8,35,53,PM,12,765353,111
 Chrome,15,8,37,44,PM,12,765464,40
 Chrome,15,8,38,24,PM,12,765504,6568
 Chrome,15,10,27,52,PM,12,772072,32625
 Chrome,16,7,31,37,AM,0,804697,3974
 Chrome,16,8,37,51,AM,0,808671,55641
 Chrome,16,12,5,12,PM,12,864312,20
 Chrome,16,12,5,32,PM,12,864332,11
 Chrome,16,12,5,43,PM,12,864343,335
 Chrome,16,12,11,18,PM,12,864678,634
 Chrome,16,12,21,52,PM,12,865312,-34986
 Chrome,16,2,38,46,PM,12,830326,214
 Chrome,16,2,42,20,PM,12,830540,10
 Chrome,16,2,42,30,PM,12,830550,112
 Chrome,16,2,44,22,PM,12,830662,106
 Chrome,16,2,46,8,PM,12,830768,107
 Chrome,16,2,47,55,PM,12,830875,254
 Chrome,16,2,52,9,PM,12,831129,142
 Chrome,16,2,54,31,PM,12,831271,178
 Chrome,16,2,57,29,PM,12,831449,208
 Chrome,16,3,0,57,PM,12,831657,249
 Chrome,16,3,5,6,PM,12,831906,441
 Chrome,16,3,12,27,PM,12,832347,1938
 Chrome,16,3,44,45,PM,12,834285,315
 Chrome,16,3,50,0,PM,12,834600,76
 Chrome,16,3,51,16,PM,12,834676,87
 Chrome,16,3,52,43,PM,12,834763,96
 Chrome,16,3,54,19,PM,12,834859,239
 Chrome,16,3,58,18,PM,12,835098,889
 Chrome,16,4,13,7,PM,12,835987,2786
 Chrome,16,4,59,33,PM,12,838773,1456
 Chrome,16,5,23,49,PM,12,840229,53798
 Chrome,17,8,20,27,AM,0,894027,4420
 Chrome,17,9,34,7,AM,0,898447,112036
 Chrome,18,4,41,23,PM,12,1010483,26
 Chrome,18,4,41,49,PM,12,1010509,193
 Chrome,18,4,45,2,PM,12,1010702,757
 Chrome,18,4,57,39,PM,12,1011459,0
 Contact Manager,7,6,10,52,PM,12,65452,25
 Contact Manager,7,6,11,17,PM,12,65477,1111
 Contact Manager,7,6,29,48,PM,12,66588,56
 Contact Manager,7,6,30,44,PM,12,66644,35
 Contact Manager,7,6,31,19,PM,12,66679,51
 Contact Manager,7,6,32,10,PM,12,66730,112
 Contact Manager,7,6,34,2,PM,12,66842,152
 Contact Manager,7,6,36,34,PM,12,66994,872
 Contact Manager,7,6,51,6,PM,12,67866,569
 Contact Manager,7,7,0,35,PM,12,68435,51
 Contact Manager,7,7,1,26,PM,12,68486,10414
 Contact Manager,7,9,55,0,PM,12,78900,173
 Contact Manager,7,9,57,53,PM,12,79073,94927
 Contact Manager,8,12,20,0,PM,12,174000,497
 Contact Manager,8,12,28,17,PM,12,174497,452
 Contact Manager,8,12,35,49,PM,12,174949,10
 Contact Manager,8,12,35,59,PM,12,174959,26
 Contact Manager,8,12,36,25,PM,12,174985,35
 Contact Manager,8,12,37,0,PM,12,175020,41
 Contact Manager,8,12,37,41,PM,12,175061,1106
 Contact Manager,8,12,56,7,PM,12,176167,-28101
 Contact Manager,8,5,7,46,PM,12,148066,1042
 Contact Manager,8,5,25,8,PM,12,149108,2274
 Contact Manager,8,6,3,2,PM,12,151382,407
 Contact Manager,8,6,9,49,PM,12,151789,1255
 Contact Manager,8,6,30,44,PM,12,153044,718
 Contact Manager,8,6,42,42,PM,12,153762,796
 Contact Manager,8,6,55,58,PM,12,154558,52312
 Contact Manager,9,9,27,50,AM,0,206870,22503
 Contact Manager,9,3,42,53,PM,12,229373,71
 Contact Manager,9,3,44,4,PM,12,229444,26
 Contact Manager,9,3,44,30,PM,12,229470,35
 Contact Manager,9,3,45,5,PM,12,229505,26
 Contact Manager,9,3,45,31,PM,12,229531,10
 Contact Manager,9,3,45,41,PM,12,229541,31
 Contact Manager,9,3,46,12,PM,12,229572,96
 Contact Manager,9,3,47,48,PM,12,229668,61
 Contact Manager,9,3,48,49,PM,12,229729,222
 Contact Manager,9,3,52,31,PM,12,229951,5463
 Contact Manager,9,5,23,34,PM,12,235414,13437
 Contact Manager,9,9,7,31,PM,12,248851,985
 Contact Manager,9,9,23,56,PM,12,249836,37604
 Contact Manager,10,7,50,40,AM,0,287440,9818
 Contact Manager,10,10,34,18,AM,0,297258,32207
 Contact Manager,10,7,31,5,PM,12,329465,31
 Contact Manager,10,7,31,36,PM,12,329496,1101
 Contact Manager,10,7,49,57,PM,12,330597,36
 Contact Manager,10,7,50,33,PM,12,330633,39892
 Contact Manager,11,6,55,25,AM,0,370525,50
 Contact Manager,11,6,56,15,AM,0,370575,92
 Contact Manager,11,6,57,47,AM,0,370667,31646
 Contact Manager,11,3,45,13,PM,12,402313,30
 Contact Manager,11,3,45,43,PM,12,402343,26
 Contact Manager,11,3,46,9,PM,12,402369,91
 Contact Manager,11,3,47,40,PM,12,402460,254
 Contact Manager,11,3,51,54,PM,12,402714,315
 Contact Manager,11,3,57,9,PM,12,403029,274
 Contact Manager,11,4,1,43,PM,12,403303,56
 Contact Manager,11,4,2,39,PM,12,403359,584
 Contact Manager,11,4,12,23,PM,12,403943,41
 Contact Manager,11,4,13,4,PM,12,403984,10
 Contact Manager,11,4,13,14,PM,12,403994,67
 Contact Manager,11,4,14,21,PM,12,404061,477
 Contact Manager,11,4,22,18,PM,12,404538,1206
 Contact Manager,11,4,42,24,PM,12,405744,5868
 Contact Manager,11,6,20,12,PM,12,411612,183
 Contact Manager,11,6,23,15,PM,12,411795,2864
 Contact Manager,11,7,10,59,PM,12,414659,158
 Contact Manager,11,7,13,37,PM,12,414817,137
 Contact Manager,11,7,15,54,PM,12,414954,1476
 Contact Manager,11,7,40,30,PM,12,416430,82
 Contact Manager,11,7,41,52,PM,12,416512,76
 Contact Manager,11,7,43,8,PM,12,416588,117
 Contact Manager,11,7,45,5,PM,12,416705,1934
 Contact Manager,11,8,17,19,PM,12,418639,46
 Contact Manager,11,8,18,5,PM,12,418685,61
 Contact Manager,11,8,19,6,PM,12,418746,300
 Contact Manager,11,8,24,6,PM,12,419046,198
 Contact Manager,11,8,27,24,PM,12,419244,1006
 Contact Manager,11,8,44,10,PM,12,420250,81
 Contact Manager,11,8,45,31,PM,12,420331,209
 Contact Manager,11,8,49,0,PM,12,420540,34791
 Contact Manager,12,6,28,51,AM,0,455331,21
 Contact Manager,12,6,29,12,AM,0,455352,35
 Contact Manager,12,6,29,47,AM,0,455387,270
 Contact Manager,12,6,34,17,AM,0,455657,126
 Contact Manager,12,6,36,23,AM,0,455783,8659
 Contact Manager,12,9,0,42,AM,0,464442,46
 Contact Manager,12,9,1,28,AM,0,464488,15043
 Contact Manager,12,1,12,11,PM,12,479531,50
 Contact Manager,12,1,13,1,PM,12,479581,610
 Contact Manager,12,1,23,11,PM,12,480191,30
 Contact Manager,12,1,23,41,PM,12,480221,31
 Contact Manager,12,1,24,12,PM,12,480252,15
 Contact Manager,12,1,24,27,PM,12,480267,218
 Contact Manager,12,1,28,5,PM,12,480485,132
 Contact Manager,12,1,30,17,PM,12,480617,56
 Contact Manager,12,1,31,13,PM,12,480673,31
 Contact Manager,12,1,31,44,PM,12,480704,66
 Contact Manager,12,1,32,50,PM,12,480770,173
 Contact Manager,12,1,35,43,PM,12,480943,81
 Contact Manager,12,1,37,4,PM,12,481024,26
 Contact Manager,12,1,37,30,PM,12,481050,137
 Contact Manager,12,1,39,47,PM,12,481187,335
 Contact Manager,12,1,45,22,PM,12,481522,273
 Contact Manager,12,1,49,55,PM,12,481795,7460
 Contact Manager,12,3,54,15,PM,12,489255,86
 Contact Manager,12,3,55,41,PM,12,489341,266
 Contact Manager,12,4,0,7,PM,12,489607,130
 Contact Manager,12,4,2,17,PM,12,489737,63
 Contact Manager,12,4,3,20,PM,12,489800,678
 Contact Manager,12,4,14,38,PM,12,490478,557
 Contact Manager,12,4,23,55,PM,12,491035,47
 Contact Manager,12,4,24,42,PM,12,491082,93
 Contact Manager,12,4,26,15,PM,12,491175,186
 Contact Manager,12,4,29,21,PM,12,491361,31
 Contact Manager,12,4,29,52,PM,12,491392,112
 Contact Manager,12,4,31,44,PM,12,491504,251
 Contact Manager,12,4,35,55,PM,12,491755,247
 Contact Manager,12,4,40,2,PM,12,492002,160
 Contact Manager,12,4,42,42,PM,12,492162,643
 Contact Manager,12,4,53,25,PM,12,492805,1371
 Contact Manager,12,5,16,16,PM,12,494176,1234
 Contact Manager,12,5,36,50,PM,12,495410,952
 Contact Manager,12,5,52,42,PM,12,496362,134
 Contact Manager,12,5,54,56,PM,12,496496,144
 Contact Manager,12,5,57,20,PM,12,496640,169
 Contact Manager,12,6,0,9,PM,12,496809,56
 Contact Manager,12,6,1,5,PM,12,496865,721
 Contact Manager,12,6,13,6,PM,12,497586,283
 Contact Manager,12,6,17,49,PM,12,497869,466
 Contact Manager,12,6,25,35,PM,12,498335,921
 Contact Manager,12,6,40,56,PM,12,499256,479
 Contact Manager,12,6,48,55,PM,12,499735,10
 Contact Manager,12,6,49,5,PM,12,499745,36
 Contact Manager,12,6,49,41,PM,12,499781,56
 Contact Manager,12,6,50,37,PM,12,499837,6886
 Contact Manager,12,8,45,23,PM,12,506723,320
 Contact Manager,12,8,50,43,PM,12,507043,37880
 Contact Manager,13,7,22,3,AM,0,544923,51
 Contact Manager,13,7,22,54,AM,0,544974,163
 Contact Manager,13,7,25,37,AM,0,545137,96
 Contact Manager,13,7,27,13,AM,0,545233,87
 Contact Manager,13,7,28,40,AM,0,545320,159
 Contact Manager,13,7,31,19,AM,0,545479,82
 Contact Manager,13,7,32,41,AM,0,545561,1819
 Contact Manager,13,8,3,0,AM,0,547380,591
 Contact Manager,13,8,12,51,AM,0,547971,453
 Contact Manager,13,8,20,24,AM,0,548424,132
 Contact Manager,13,8,22,36,AM,0,548556,310
 Contact Manager,13,8,27,46,AM,0,548866,138
 Contact Manager,13,8,30,4,AM,0,549004,284
 Contact Manager,13,8,34,48,AM,0,549288,138
 Contact Manager,13,8,37,6,AM,0,549426,15
 Contact Manager,13,8,37,21,AM,0,549441,219
 Contact Manager,13,8,41,0,AM,0,549660,5020
 Contact Manager,13,10,4,40,AM,0,554680,2438
 Contact Manager,13,10,45,18,AM,0,557118,167
 Contact Manager,13,10,48,5,AM,0,557285,41
 Contact Manager,13,10,48,46,AM,0,557326,11
 Contact Manager,13,10,48,57,AM,0,557337,46
 Contact Manager,13,10,49,43,AM,0,557383,67
 Contact Manager,13,10,50,50,AM,0,557450,98
 Contact Manager,13,10,52,28,AM,0,557548,122
 Contact Manager,13,10,54,30,AM,0,557670,51
 Contact Manager,13,10,55,21,AM,0,557721,809
 Contact Manager,13,11,8,50,AM,0,558530,1160
 Contact Manager,13,11,28,10,AM,0,559690,51
 Contact Manager,13,11,29,1,AM,0,559741,11954
 Contact Manager,13,2,48,15,PM,12,571695,8435
 Contact Manager,13,5,8,50,PM,12,580130,46
 Contact Manager,13,5,9,36,PM,12,580176,25
 Contact Manager,13,5,10,1,PM,12,580201,82
 Contact Manager,13,5,11,23,PM,12,580283,274
 Contact Manager,13,5,15,57,PM,12,580557,802
 Contact Manager,13,5,29,19,PM,12,581359,6670
 Contact Manager,13,7,20,29,PM,12,588029,57307
 Contact Manager,14,11,15,36,AM,0,645336,77
 Contact Manager,14,11,16,53,AM,0,645413,101
 Contact Manager,14,11,18,34,AM,0,645514,77
 Contact Manager,14,11,19,51,AM,0,645591,76
 Contact Manager,14,11,21,7,AM,0,645667,274
 Contact Manager,14,11,25,41,AM,0,645941,174
 Contact Manager,14,11,28,35,AM,0,646115,13109
 Contact Manager,14,3,7,4,PM,12,659224,56
 Contact Manager,14,3,8,0,PM,12,659280,96404
 Contact Manager,15,5,54,44,PM,12,755684,218
 Contact Manager,15,5,58,22,PM,12,755902,61
 Contact Manager,15,5,59,23,PM,12,755963,46
 Contact Manager,15,6,0,9,PM,12,756009,6489
 Contact Manager,15,7,48,18,PM,12,762498,45
 Contact Manager,15,7,49,3,PM,12,762543,72
 Contact Manager,15,7,50,15,PM,12,762615,81
 Contact Manager,15,7,51,36,PM,12,762696,117
 Contact Manager,15,7,53,33,PM,12,762813,66
 Contact Manager,15,7,54,39,PM,12,762879,91
 Contact Manager,15,7,56,10,PM,12,762970,2362
 Contact Manager,15,8,35,32,PM,12,765332,86
 Contact Manager,15,8,36,58,PM,12,765418,20
 Contact Manager,15,8,37,18,PM,12,765438,15
 Contact Manager,15,8,37,33,PM,12,765453,6055
 Contact Manager,15,10,18,28,PM,12,771508,3015
 Contact Manager,15,11,8,43,PM,12,774523,315
 Contact Manager,15,11,13,58,PM,12,774838,1804
 Contact Manager,15,11,44,2,PM,12,776642,114
 Contact Manager,15,11,45,56,PM,12,776756,20925
 Contact Manager,16,5,34,41,AM,0,797681,61
 Contact Manager,16,5,35,42,AM,0,797742,1041
 Contact Manager,16,5,53,3,AM,0,798783,842
 Contact Manager,16,6,7,5,AM,0,799625,157
 Contact Manager,16,6,9,42,AM,0,799782,178
 Contact Manager,16,6,12,40,AM,0,799960,101
 Contact Manager,16,6,14,21,AM,0,800061,7701
 Contact Manager,16,8,22,42,AM,0,807762,30
 Contact Manager,16,8,23,12,AM,0,807792,31
 Contact Manager,16,8,23,43,AM,0,807823,21400
 Contact Manager,16,2,20,23,PM,12,829223,100869
 Contact Manager,17,6,21,32,PM,12,930092,5221
 Contact Manager,17,7,48,33,PM,12,935313,218
 Contact Manager,17,7,52,11,PM,12,935531,25
 Contact Manager,17,7,52,36,PM,12,935556,65151
 Contact Manager,18,1,58,27,PM,12,1000707,244
 Contact Manager,18,2,2,31,PM,12,1000951,51
 Contact Manager,18,2,3,22,PM,12,1001002,8679
 Contact Manager,18,4,28,1,PM,12,1009681,117
 Contact Manager,18,4,29,58,PM,12,1009798,248
 Contact Manager,18,4,34,6,PM,12,1010046,9054
 Contact Manager,18,7,5,0,PM,12,1019100,0
 File Manager,7,6,4,56,PM,12,65096,453
 File Manager,7,6,12,29,PM,12,65549,56999
 File Manager,8,10,2,28,AM,0,122548,87410
 File Manager,9,10,19,18,AM,0,209958,4560
 File Manager,9,11,35,18,AM,0,214518,15
 File Manager,9,11,35,33,AM,0,214533,5761
 File Manager,9,1,11,34,PM,12,220294,610
 File Manager,9,1,21,44,PM,12,220904,411
 File Manager,9,1,28,35,PM,12,221315,160990
 File Manager,11,10,11,45,AM,0,382305,21
 File Manager,11,10,12,6,AM,0,382326,4680
 File Manager,11,11,30,6,AM,0,387006,80533
 File Manager,12,9,52,19,AM,0,467539,2600
 File Manager,12,10,35,39,AM,0,470139,3234
 File Manager,12,11,29,33,AM,0,473373,46377
 File Manager,12,12,22,30,PM,12,519750,26
 File Manager,12,12,22,56,PM,12,519776,520
 File Manager,12,12,31,36,PM,12,520296,312
 File Manager,12,12,36,48,PM,12,520608,46
 File Manager,12,12,37,34,PM,12,520654,500
 File Manager,12,12,45,54,PM,12,521154,519
 File Manager,12,12,54,33,PM,12,521673,26
 File Manager,12,12,54,59,PM,12,521699,-42375
 File Manager,12,1,8,44,PM,12,479324,186
 File Manager,12,1,11,50,PM,12,479510,162237
 File Manager,14,10,15,47,AM,0,641747,84259
 File Manager,15,9,40,6,AM,0,726006,437
 File Manager,15,9,47,23,AM,0,726443,111
 File Manager,15,9,49,14,AM,0,726554,46
 File Manager,15,9,50,0,AM,0,726600,127
 File Manager,15,9,52,7,AM,0,726727,158
 File Manager,15,9,54,45,AM,0,726885,218
 File Manager,15,9,58,23,AM,0,727103,44690
 File Manager,15,10,23,13,PM,12,771793,20
 File Manager,15,10,23,33,PM,12,771813,215089
 File Manager,18,10,8,22,AM,0,986902,5434
 File Manager,18,11,38,56,AM,0,992336,183
 File Manager,18,11,41,59,AM,0,992519,28430
 File Manager,18,7,35,49,PM,12,1020949,483
 File Manager,18,7,43,52,PM,12,1021432,61
 File Manager,18,7,44,53,PM,12,1021493,0
 FlashLight,7,8,26,23,PM,12,73583,176334
 FlashLight,9,9,25,17,PM,12,249917,15
 FlashLight,9,9,25,32,PM,12,249932,427054
 FlashLight,14,8,3,6,PM,12,676986,0
 Free Chess,14,6,1,5,PM,12,669665,112
 Free Chess,14,6,2,57,PM,12,669777,168
 Free Chess,14,6,5,45,PM,12,669945,274
 Free Chess,14,6,10,19,PM,12,670219,61
 Free Chess,14,6,11,20,PM,12,670280,199
 Free Chess,14,6,14,39,PM,12,670479,0
 Ludo Fly,17,11,32,35,AM,0,905555,20
 Ludo Fly,17,11,32,55,AM,0,905575,16
 Ludo Fly,17,11,33,11,AM,0,905591,193
 Ludo Fly,17,11,36,24,AM,0,905784,178
 Ludo Fly,17,11,39,22,AM,0,905962,66
 Ludo Fly,17,11,40,28,AM,0,906028,51
 Ludo Fly,17,11,41,19,AM,0,906079,25
 Ludo Fly,17,11,41,44,AM,0,906104,11
 Ludo Fly,17,11,41,55,AM,0,906115,32530
 Ludo Fly,17,8,44,5,PM,12,938645,16
 Ludo Fly,17,8,44,21,PM,12,938661,20
 Ludo Fly,17,8,44,41,PM,12,938681,21
 Ludo Fly,17,8,45,2,PM,12,938702,40
 Ludo Fly,17,8,45,42,PM,12,938742,31
 Ludo Fly,17,8,46,13,PM,12,938773,112
 Ludo Fly,17,8,48,5,PM,12,938885,36
 Ludo Fly,17,8,48,41,PM,12,938921,46
 Ludo Fly,17,8,49,27,PM,12,938967,20
 Ludo Fly,17,8,49,47,PM,12,938987,0
 Ludo King,8,8,49,49,AM,0,118189,127279
 Ludo King,9,8,11,8,PM,12,245468,44513
 Ludo King,10,8,33,1,AM,0,289981,131894
 Ludo King,11,9,11,15,PM,12,421875,242659
 Ludo King,14,4,35,34,PM,12,664534,1807
 Ludo King,14,5,5,41,PM,12,666341,239086
 Ludo King,17,11,30,27,AM,0,905427,33703
 Ludo King,17,8,52,10,PM,12,939130,102
 Ludo King,17,8,53,52,PM,12,939232,193
 Ludo King,17,8,57,5,PM,12,939425,15
 Ludo King,17,8,57,20,PM,12,939440,523
 Ludo King,17,9,6,3,PM,12,939963,614
 Ludo King,17,9,16,17,PM,12,940577,46
 Ludo King,17,9,17,3,PM,12,940623,15
 Ludo King,17,9,17,18,PM,12,940638,66
 Ludo King,17,9,18,24,PM,12,940704,518
 Ludo King,17,9,27,2,PM,12,941222,46
 Ludo King,17,9,27,48,PM,12,941268,15
 Ludo King,17,9,28,3,PM,12,941283,0
 Maps,16,7,24,40,AM,0,804280,16
 Maps,16,7,24,56,AM,0,804296,51
 Maps,16,7,25,47,AM,0,804347,25
 Maps,16,7,26,12,AM,0,804372,198
 Maps,16,7,29,30,AM,0,804570,60565
 Maps,16,12,18,55,PM,12,865135,0
 Messaging,7,6,3,6,PM,12,64986,72698
 Messaging,8,2,14,44,PM,12,137684,16935
 Messaging,8,6,56,59,PM,12,154619,65665
 Messaging,9,1,11,24,PM,12,220284,181277
 Messaging,11,3,32,41,PM,12,401561,1209
 Messaging,11,3,52,50,PM,12,402770,183
 Messaging,11,3,55,53,PM,12,402953,12021
 Messaging,11,7,16,14,PM,12,414974,1436
 Messaging,11,7,40,10,PM,12,416410,4460
 Messaging,11,8,54,30,PM,12,420870,436
 Messaging,11,9,1,46,PM,12,421306,122
 Messaging,11,9,3,48,PM,12,421428,640
 Messaging,11,9,14,28,PM,12,422068,33238
 Messaging,12,6,28,26,AM,0,455306,26992
 Messaging,12,1,58,18,PM,12,482298,771
 Messaging,12,2,11,9,PM,12,483069,259
 Messaging,12,2,15,28,PM,12,483328,4395
 Messaging,12,3,28,43,PM,12,487723,96
 Messaging,12,3,30,19,PM,12,487819,1247
 Messaging,12,3,51,6,PM,12,489066,65843
 Messaging,13,10,8,29,AM,0,554909,371
 Messaging,13,10,14,40,AM,0,555280,594
 Messaging,13,10,24,34,AM,0,555874,871
 Messaging,13,10,39,5,AM,0,556745,956
 Messaging,13,10,55,1,AM,0,557701,25
 Messaging,13,10,55,26,AM,0,557726,101
 Messaging,13,10,57,7,AM,0,557827,21
 Messaging,13,10,57,28,AM,0,557848,123
 Messaging,13,10,59,31,AM,0,557971,31
 Messaging,13,11,0,2,AM,0,558002,15
 Messaging,13,11,0,17,AM,0,558017,11
 Messaging,13,11,0,28,AM,0,558028,15
 Messaging,13,11,0,43,AM,0,558043,15
 Messaging,13,11,0,58,AM,0,558058,226
 Messaging,13,11,4,44,AM,0,558284,488
 Messaging,13,11,12,52,AM,0,558772,559
 Messaging,13,11,22,11,AM,0,559331,259
 Messaging,13,11,26,30,AM,0,559590,45588
 Messaging,13,12,6,18,PM,12,605178,142
 Messaging,13,12,8,40,PM,12,605320,53883
 Messaging,14,3,6,43,PM,12,659203,10
 Messaging,14,3,6,53,PM,12,659213,67773
 Messaging,15,9,56,26,AM,0,726986,29962
 Messaging,15,6,15,48,PM,12,756948,5321
 Messaging,15,7,44,29,PM,12,762269,10
 Messaging,15,7,44,39,PM,12,762279,9198
 Messaging,15,10,17,57,PM,12,771477,36
 Messaging,15,10,18,33,PM,12,771513,31615
 Messaging,16,7,5,28,AM,0,803128,1122
 Messaging,16,7,24,10,AM,0,804250,305
 Messaging,16,7,29,15,AM,0,804555,101865
 Messaging,17,11,47,0,AM,0,906420,73929
 Messaging,18,8,19,9,AM,0,980349,117
 Messaging,18,8,21,6,AM,0,980466,487
 Messaging,18,8,29,13,AM,0,980953,772
 Messaging,18,8,42,5,AM,0,981725,15
 Messaging,18,8,42,20,AM,0,981740,39220
 Messaging,18,7,36,0,PM,12,1020960,0
 Photos,7,8,16,14,PM,12,72974,15
 Photos,7,8,16,29,PM,12,72989,26
 Photos,7,8,16,55,PM,12,73015,182
 Photos,7,8,19,57,PM,12,73197,137
 Photos,7,8,22,14,PM,12,73334,46
 Photos,7,8,23,0,PM,12,73380,91
 Photos,7,8,24,31,PM,12,73471,383859
 Photos,12,7,2,10,AM,0,457330,0
 PowerPoint,13,5,49,41,AM,0,539381,0
 Shabdkosh,9,5,38,43,PM,12,236323,537270
 Shabdkosh,15,10,53,13,PM,12,773593,10
 Shabdkosh,15,10,53,23,PM,12,773603,0
 Sheets,7,6,5,11,PM,12,65111,412
 Sheets,7,6,12,3,PM,12,65523,41
 Sheets,7,6,12,44,PM,12,65564,2734
 Sheets,7,6,58,18,PM,12,68298,141670
 Sheets,9,10,19,28,AM,0,209968,137
 Sheets,9,10,21,45,AM,0,210105,4433
 Sheets,9,11,35,38,AM,0,214538,44873
 Sheets,9,12,3,31,PM,12,259411,-39112
 Sheets,9,1,11,39,PM,12,220299,265
 Sheets,9,1,16,4,PM,12,220564,35
 Sheets,9,1,16,39,PM,12,220599,15
 Sheets,9,1,16,54,PM,12,220614,142
 Sheets,9,1,19,16,PM,12,220756,401
 Sheets,9,1,25,57,PM,12,221157,10
 Sheets,9,1,26,7,PM,12,221167,11
 Sheets,9,1,26,18,PM,12,221178,15
 Sheets,9,1,26,33,PM,12,221193,127
 Sheets,9,1,28,40,PM,12,221320,314
 Sheets,9,1,33,54,PM,12,221634,843
 Sheets,9,1,47,57,PM,12,222477,76
 Sheets,9,1,49,13,PM,12,222553,885
 Sheets,9,2,3,58,PM,12,223438,1128
 Sheets,9,2,22,46,PM,12,224566,542
 Sheets,9,2,31,48,PM,12,225108,107
 Sheets,9,2,33,35,PM,12,225215,578
 Sheets,9,2,43,13,PM,12,225793,360
 Sheets,9,2,49,13,PM,12,226153,599
 Sheets,9,2,59,12,PM,12,226752,215
 Sheets,9,3,2,47,PM,12,226967,355
 Sheets,9,3,8,42,PM,12,227322,81415
 Sheets,10,1,45,37,PM,12,308737,63645
 Sheets,11,7,26,22,AM,0,372382,317138
 Sheets,14,11,32,0,PM,12,689520,100200
 Sheets,16,3,22,0,AM,0,789720,94386
 Sheets,17,5,35,6,AM,0,884106,108418
 Sheets,18,11,42,4,AM,0,992524,0
 WhatsApp,8,2,41,56,PM,12,139316,340
 WhatsApp,8,2,47,36,PM,12,139656,87
 WhatsApp,8,2,49,3,PM,12,139743,20
 WhatsApp,8,2,49,23,PM,12,139763,223
 WhatsApp,8,2,53,6,PM,12,139986,36
 WhatsApp,8,2,53,42,PM,12,140022,26959
 WhatsApp,8,10,23,1,PM,12,166981,122
 WhatsApp,8,10,25,3,PM,12,167103,53364
 WhatsApp,9,1,14,27,PM,12,220467,15
 WhatsApp,9,1,14,42,PM,12,220482,188
 WhatsApp,9,1,17,50,PM,12,220670,142
 WhatsApp,9,1,20,12,PM,12,220812,6408
 WhatsApp,9,3,7,0,PM,12,227220,20115
 WhatsApp,9,8,42,15,PM,12,247335,20
 WhatsApp,9,8,42,35,PM,12,247355,16
 WhatsApp,9,8,42,51,PM,12,247371,121269
 WhatsApp,11,6,24,0,AM,0,368640,15
 WhatsApp,11,6,24,15,AM,0,368655,21
 WhatsApp,11,6,24,36,AM,0,368676,284
 WhatsApp,11,6,29,20,AM,0,368960,51
 WhatsApp,11,6,30,11,AM,0,369011,345
 WhatsApp,11,6,35,56,AM,0,369356,40
 WhatsApp,11,6,36,36,AM,0,369396,67
 WhatsApp,11,6,37,43,AM,0,369463,66
 WhatsApp,11,6,38,49,AM,0,369529,117
 WhatsApp,11,6,40,46,AM,0,369646,172
 WhatsApp,11,6,43,38,AM,0,369818,41
 WhatsApp,11,6,44,19,AM,0,369859,214
 WhatsApp,11,6,47,53,AM,0,370073,76
 WhatsApp,11,6,49,9,AM,0,370149,71
 WhatsApp,11,6,50,20,AM,0,370220,284
 WhatsApp,11,6,55,4,AM,0,370504,198
 WhatsApp,11,6,58,22,AM,0,370702,1640
 WhatsApp,11,7,25,42,AM,0,372342,31032
 WhatsApp,11,4,2,54,PM,12,403374,137
 WhatsApp,11,4,5,11,PM,12,403511,229
 WhatsApp,11,4,9,0,PM,12,403740,71
 WhatsApp,11,4,10,11,PM,12,403811,2436
 WhatsApp,11,4,50,47,PM,12,406247,5558
 WhatsApp,11,6,23,25,PM,12,411805,3098
 WhatsApp,11,7,15,3,PM,12,414903,39550
 WhatsApp,12,6,14,13,AM,0,454453,289
 WhatsApp,12,6,19,2,AM,0,454742,158
 WhatsApp,12,6,21,40,AM,0,454900,56
 WhatsApp,12,6,22,36,AM,0,454956,40
 WhatsApp,12,6,23,16,AM,0,454996,107
 WhatsApp,12,6,25,3,AM,0,455103,26900
 WhatsApp,12,1,53,23,PM,12,482003,36
 WhatsApp,12,1,53,59,PM,12,482039,223
 WhatsApp,12,1,57,42,PM,12,482262,25976
 WhatsApp,12,9,10,38,PM,12,508238,122
 WhatsApp,12,9,12,40,PM,12,508360,66
 WhatsApp,12,9,13,46,PM,12,508426,284
 WhatsApp,12,9,18,30,PM,12,508710,361
 WhatsApp,12,9,24,31,PM,12,509071,401
 WhatsApp,12,9,31,12,PM,12,509472,45249
 WhatsApp,13,10,5,21,AM,0,554721,15
 WhatsApp,13,10,5,36,AM,0,554736,2837
 WhatsApp,13,10,52,53,AM,0,557573,16
 WhatsApp,13,10,53,9,AM,0,557589,10
 WhatsApp,13,10,53,19,AM,0,557599,30
 WhatsApp,13,10,53,49,AM,0,557629,36
 WhatsApp,13,10,54,25,AM,0,557665,9959
 WhatsApp,13,1,40,24,PM,12,567624,66
 WhatsApp,13,1,41,30,PM,12,567690,21
 WhatsApp,13,1,41,51,PM,12,567711,25
 WhatsApp,13,1,42,16,PM,12,567736,93317
 WhatsApp,14,3,37,33,PM,12,661053,21
 WhatsApp,14,3,37,54,PM,12,661074,61
 WhatsApp,14,3,38,55,PM,12,661135,274
 WhatsApp,14,3,43,29,PM,12,661409,1680
 WhatsApp,14,4,11,29,PM,12,663089,335
 WhatsApp,14,4,17,4,PM,12,663424,308
 WhatsApp,14,4,22,12,PM,12,663732,680
 WhatsApp,14,4,33,32,PM,12,664412,82558
 WhatsApp,15,3,29,30,PM,12,746970,127
 WhatsApp,15,3,31,37,PM,12,747097,11583
 WhatsApp,15,6,44,40,PM,12,758680,15
 WhatsApp,15,6,44,55,PM,12,758695,234
 WhatsApp,15,6,48,49,PM,12,758929,482
 WhatsApp,15,6,56,51,PM,12,759411,76
 WhatsApp,15,6,58,7,PM,12,759487,214
 WhatsApp,15,7,1,41,PM,12,759701,12538
 WhatsApp,15,10,30,39,PM,12,772239,163
 WhatsApp,15,10,33,22,PM,12,772402,15
 WhatsApp,15,10,33,37,PM,12,772417,445
 WhatsApp,15,10,41,2,PM,12,772862,62
 WhatsApp,15,10,42,4,PM,12,772924,331
 WhatsApp,15,10,47,35,PM,12,773255,425
 WhatsApp,15,10,54,40,PM,12,773680,3097
 WhatsApp,15,11,46,17,PM,12,776777,15
 WhatsApp,15,11,46,32,PM,12,776792,20751
 WhatsApp,16,5,32,23,AM,0,797543,514
 WhatsApp,16,5,40,57,AM,0,798057,111
 WhatsApp,16,5,42,48,AM,0,798168,10315
 WhatsApp,16,8,34,43,AM,0,808483,58647
 WhatsApp,16,12,52,10,PM,12,867130,269
 WhatsApp,16,12,56,39,PM,12,867399,-42809
 WhatsApp,16,1,3,10,PM,12,824590,71
 WhatsApp,16,1,4,21,PM,12,824661,21
 WhatsApp,16,1,4,42,PM,12,824682,55
 WhatsApp,16,1,5,37,PM,12,824737,56
 WhatsApp,16,1,6,33,PM,12,824793,224
 WhatsApp,16,1,10,17,PM,12,825017,10
 WhatsApp,16,1,10,27,PM,12,825027,97
 WhatsApp,16,1,12,4,PM,12,825124,421
 WhatsApp,16,1,19,5,PM,12,825545,239
 WhatsApp,16,1,23,4,PM,12,825784,391
 WhatsApp,16,1,29,35,PM,12,826175,223
 WhatsApp,16,1,33,18,PM,12,826398,142
 WhatsApp,16,1,35,40,PM,12,826540,1419
 WhatsApp,16,1,59,19,PM,12,827959,613
 WhatsApp,16,2,9,32,PM,12,828572,87
 WhatsApp,16,2,10,59,PM,12,828659,61
 WhatsApp,16,2,12,0,PM,12,828720,25
 WhatsApp,16,2,12,25,PM,12,828745,46
 WhatsApp,16,2,13,11,PM,12,828791,82
 WhatsApp,16,2,14,33,PM,12,828873,86
 WhatsApp,16,2,15,59,PM,12,828959,20
 WhatsApp,16,2,16,19,PM,12,828979,92
 WhatsApp,16,2,17,51,PM,12,829071,137
 WhatsApp,16,2,20,8,PM,12,829208,951
 WhatsApp,16,2,35,59,PM,12,830159,91
 WhatsApp,16,2,37,30,PM,12,830250,63517
 WhatsApp,17,8,16,7,AM,0,893767,11
 WhatsApp,17,8,16,18,AM,0,893778,35
 WhatsApp,17,8,16,53,AM,0,893813,112
 WhatsApp,17,8,18,45,AM,0,893925,168
 WhatsApp,17,8,21,33,AM,0,894093,203
 WhatsApp,17,8,24,56,AM,0,894296,92
 WhatsApp,17,8,26,28,AM,0,894388,86
 WhatsApp,17,8,27,54,AM,0,894474,91
 WhatsApp,17,8,29,25,AM,0,894565,92
 WhatsApp,17,8,30,57,AM,0,894657,96
 WhatsApp,17,8,32,33,AM,0,894753,51
 WhatsApp,17,8,33,24,AM,0,894804,36
 WhatsApp,17,8,34,0,AM,0,894840,96
 WhatsApp,17,8,35,36,AM,0,894936,66
 WhatsApp,17,8,36,42,AM,0,895002,21
 WhatsApp,17,8,37,3,AM,0,895023,86
 WhatsApp,17,8,38,29,AM,0,895109,122
 WhatsApp,17,8,40,31,AM,0,895231,61
 WhatsApp,17,8,41,32,AM,0,895292,188
 WhatsApp,17,8,44,40,AM,0,895480,102
 WhatsApp,17,8,46,22,AM,0,895582,147
 WhatsApp,17,8,48,49,AM,0,895729,56
 WhatsApp,17,8,49,45,AM,0,895785,188
 WhatsApp,17,8,52,53,AM,0,895973,97
 WhatsApp,17,8,54,30,AM,0,896070,15
 WhatsApp,17,8,54,45,AM,0,896085,81
 WhatsApp,17,8,56,6,AM,0,896166,117
 WhatsApp,17,8,58,3,AM,0,896283,92
 WhatsApp,17,8,59,35,AM,0,896375,91
 WhatsApp,17,9,1,6,AM,0,896466,97
 WhatsApp,17,9,2,43,AM,0,896563,106
 WhatsApp,17,9,4,29,AM,0,896669,51
 WhatsApp,17,9,5,20,AM,0,896720,81
 WhatsApp,17,9,6,41,AM,0,896801,26
 WhatsApp,17,9,7,7,AM,0,896827,26
 WhatsApp,17,9,7,33,AM,0,896853,182
 WhatsApp,17,9,10,35,AM,0,897035,107
 WhatsApp,17,9,12,22,AM,0,897142,46
 WhatsApp,17,9,13,8,AM,0,897188,147
 WhatsApp,17,9,15,35,AM,0,897335,188
 WhatsApp,17,9,18,43,AM,0,897523,289
 WhatsApp,17,9,23,32,AM,0,897812,76
 WhatsApp,17,9,24,48,AM,0,897888,239
 WhatsApp,17,9,28,47,AM,0,898127,76
 WhatsApp,17,9,30,3,AM,0,898203,107
 WhatsApp,17,9,31,50,AM,0,898310,50
 WhatsApp,17,9,32,40,AM,0,898360,36
 WhatsApp,17,9,33,16,AM,0,898396,51308
 WhatsApp,17,11,48,24,PM,12,949704,16
 WhatsApp,17,11,48,40,PM,12,949720,15
 WhatsApp,17,11,48,55,PM,12,949735,66
 WhatsApp,17,11,50,1,PM,12,949801,71280
 WhatsApp,18,7,38,1,PM,12,1021081,51
 WhatsApp,18,7,38,52,PM,12,1021132,457
 WhatsApp,18,7,46,29,PM,12,1021589,0
 YouTube,9,6,48,15,AM,0,197295,49003
 YouTube,9,8,24,58,PM,12,246298,73340
 YouTube,10,4,47,18,PM,12,319638,463
 YouTube,10,4,55,1,PM,12,320101,122
 YouTube,10,4,57,3,PM,12,320223,213
 YouTube,10,5,0,36,PM,12,320436,152
 YouTube,10,5,3,8,PM,12,320588,36
 YouTube,10,5,3,44,PM,12,320624,31
 YouTube,10,5,4,15,PM,12,320655,182
 YouTube,10,5,7,17,PM,12,320837,361
 YouTube,10,5,13,18,PM,12,321198,203
 YouTube,10,5,16,41,PM,12,321401,259
 YouTube,10,5,21,0,PM,12,321660,244
 YouTube,10,5,25,4,PM,12,321904,41
 YouTube,10,5,25,45,PM,12,321945,15
 YouTube,10,5,26,0,PM,12,321960,543
 YouTube,10,5,35,3,PM,12,322503,36
 YouTube,10,5,35,39,PM,12,322539,102
 YouTube,10,5,37,21,PM,12,322641,106
 YouTube,10,5,39,7,PM,12,322747,102
 YouTube,10,5,40,49,PM,12,322849,7804
 YouTube,10,7,50,53,PM,12,330653,46
 YouTube,10,7,51,39,PM,12,330699,10
 YouTube,10,7,51,49,PM,12,330709,87
 YouTube,10,7,53,16,PM,12,330796,56
 YouTube,10,7,54,12,PM,12,330852,35
 YouTube,10,7,54,47,PM,12,330887,224
 YouTube,10,7,58,31,PM,12,331111,20
 YouTube,10,7,58,51,PM,12,331131,71
 YouTube,10,8,0,2,PM,12,331202,56144
 YouTube,11,11,35,46,AM,0,387346,26
 YouTube,11,11,36,12,AM,0,387372,238
 YouTube,11,11,40,10,AM,0,387610,178
 YouTube,11,11,43,8,AM,0,387788,279
 YouTube,11,11,47,47,AM,0,388067,295
 YouTube,11,11,52,42,AM,0,388362,77
 YouTube,11,11,53,59,AM,0,388439,26
 YouTube,11,11,54,25,AM,0,388465,52
 YouTube,11,11,55,17,AM,0,388517,42
 YouTube,11,11,55,59,AM,0,388559,57
 YouTube,11,11,56,56,AM,0,388616,107
 YouTube,11,11,58,43,AM,0,388723,43454
 YouTube,11,12,2,57,PM,12,432177,1165
 YouTube,11,12,22,22,PM,12,433342,2205
 YouTube,11,12,59,7,PM,12,435547,-43005
 YouTube,11,1,2,22,PM,12,392542,1048
 YouTube,11,1,19,50,PM,12,393590,21
 YouTube,11,1,20,11,PM,12,393611,223
 YouTube,11,1,23,54,PM,12,393834,174035
 YouTube,13,1,44,29,PM,12,567869,10
 YouTube,13,1,44,39,PM,12,567879,46
 YouTube,13,1,45,25,PM,12,567925,51
 YouTube,13,1,46,16,PM,12,567976,396
 YouTube,13,1,52,52,PM,12,568372,224
 YouTube,13,1,56,36,PM,12,568596,152
 YouTube,13,1,59,8,PM,12,568748,117
 YouTube,13,2,1,5,PM,12,568865,142
 YouTube,13,2,3,27,PM,12,569007,127
 YouTube,13,2,5,34,PM,12,569134,143
 YouTube,13,2,7,57,PM,12,569277,213
 YouTube,13,2,11,30,PM,12,569490,76
 YouTube,13,2,12,46,PM,12,569566,188
 YouTube,13,2,15,54,PM,12,569754,133
 YouTube,13,2,18,7,PM,12,569887,183
 YouTube,13,2,21,10,PM,12,570070,76
 YouTube,13,2,22,26,PM,12,570146,46
 YouTube,13,2,23,12,PM,12,570192,203
 YouTube,13,2,26,35,PM,12,570395,361
 YouTube,13,2,32,36,PM,12,570756,172
 YouTube,13,2,35,28,PM,12,570928,158
 YouTube,13,2,38,6,PM,12,571086,56
 YouTube,13,2,39,2,PM,12,571142,152
 YouTube,13,2,41,34,PM,12,571294,407
 YouTube,13,2,48,21,PM,12,571701,40
 YouTube,13,2,49,1,PM,12,571741,2610
 YouTube,13,3,32,31,PM,12,574351,670
 YouTube,13,3,43,41,PM,12,575021,76
 YouTube,13,3,44,57,PM,12,575097,320
 YouTube,13,3,50,17,PM,12,575417,315
 YouTube,13,3,55,32,PM,12,575732,30
 YouTube,13,3,56,2,PM,12,575762,122
 YouTube,13,3,58,4,PM,12,575884,193
 YouTube,13,4,1,17,PM,12,576077,132
 YouTube,13,4,3,29,PM,12,576209,407
 YouTube,13,4,10,16,PM,12,576616,30
 YouTube,13,4,10,46,PM,12,576646,112
 YouTube,13,4,12,38,PM,12,576758,321704
 YouTube,17,9,34,22,AM,0,898462,71
 YouTube,17,9,35,33,AM,0,898533,645
 YouTube,17,9,46,18,AM,0,899178,56
 YouTube,17,9,47,14,AM,0,899234,112
 YouTube,17,9,49,6,AM,0,899346,10
 YouTube,17,9,49,16,AM,0,899356,188
 YouTube,17,9,52,24,AM,0,899544,30
 YouTube,17,9,52,54,AM,0,899574,92
 YouTube,17,9,54,26,AM,0,899666,40
 YouTube,17,9,55,6,AM,0,899706,92
 YouTube,17,9,56,38,AM,0,899798,35753
 YouTube,17,7,52,31,PM,12,935551,14214
 YouTube,17,11,49,25,PM,12,949765,16
 YouTube,17,11,49,41,PM,12,949781,60723
 YouTube,18,4,41,44,PM,12,1010504,0
Battery Low,7,6,57,38,PM,12,68258,15516
Battery Low,7,11,16,14,PM,12,83774,208202
Battery Low,10,9,6,16,AM,0,291976,110028
Battery Low,11,3,40,4,PM,12,402004,76200
Battery Low,12,12,50,4,AM,0,478204,55949
Battery Low,13,4,22,33,AM,0,534153,23396
Battery Low,13,10,52,29,AM,0,557549,448
Battery Low,13,10,59,57,AM,0,557997,28
Battery Low,13,11,0,25,AM,0,558025,10776
Battery Low,13,2,0,1,PM,12,568801,1515
Battery Low,13,2,25,16,PM,12,570316,5500
Battery Low,13,3,56,56,PM,12,575816,64604
Battery Low,14,9,53,40,AM,0,640420,43920
Battery Low,14,10,5,40,PM,12,684340,1274
Battery Low,14,10,26,54,PM,12,685614,193045
Battery Low,17,4,4,19,AM,0,878659,51431
Battery Low,17,6,21,30,PM,12,930090,0
Call,7,6,11,25,PM,12,65485,10849
Call,7,9,12,14,PM,12,76334,50365
Call,8,11,11,39,AM,0,126699,47577
Call,8,12,24,36,PM,12,174276,216
Call,8,12,28,12,PM,12,174492,308
Call,8,12,33,20,PM,12,174800,1367
Call,8,12,56,7,PM,12,176167,-28108
Call,8,5,7,39,PM,12,148059,17244
Call,8,9,55,3,PM,12,165303,41535
Call,9,9,27,18,AM,0,206838,5576
Call,9,11,0,14,AM,0,212414,2612
Call,9,11,43,46,AM,0,215026,23711
Call,9,6,18,57,PM,12,238737,3472
Call,9,7,16,49,PM,12,242209,5136
Call,9,8,42,25,PM,12,247345,68
Call,9,8,43,33,PM,12,247413,49804
Call,10,10,33,37,AM,0,297217,40560
Call,10,9,49,37,PM,12,337777,32701
Call,11,6,54,38,AM,0,370478,229
Call,11,6,58,27,AM,0,370707,2641
Call,11,7,42,28,AM,0,373348,14541
Call,11,11,44,49,AM,0,387889,711
Call,11,11,56,40,AM,0,388600,111
Call,11,11,58,31,AM,0,388711,8159
Call,11,2,14,30,PM,12,396870,9089
Call,11,4,45,59,PM,12,405959,4524
Call,11,6,1,23,PM,12,410483,4793
Call,11,7,21,16,PM,12,415276,21
Call,11,7,21,37,PM,12,415297,3451
Call,11,8,19,8,PM,12,418748,36524
Call,12,6,27,52,AM,0,455272,9296
Call,12,9,2,48,AM,0,464568,2327
Call,12,9,41,35,AM,0,466895,1602
Call,12,10,8,17,AM,0,468497,1606
Call,12,10,35,3,AM,0,470103,51003
Call,12,12,45,6,PM,12,521106,-38118
Call,12,2,9,48,PM,12,482988,4688
Call,12,3,27,56,PM,12,487676,84
Call,12,3,29,20,PM,12,487760,1269
Call,12,3,50,29,PM,12,489029,407
Call,12,3,57,16,PM,12,489436,10409
Call,12,6,50,45,PM,12,499845,1765
Call,12,7,20,10,PM,12,501610,2787
Call,12,8,6,37,PM,12,504397,40491
Call,13,7,21,28,AM,0,544888,9253
Call,13,9,55,41,AM,0,554141,2547
Call,13,10,38,8,AM,0,556688,1837
Call,13,11,8,45,AM,0,558525,48851
Call,13,12,42,56,PM,12,607376,-39412
Call,13,1,46,4,PM,12,567964,2338
Call,13,2,25,2,PM,12,570302,10231
Call,13,5,15,33,PM,12,580533,7492
Call,13,7,20,25,PM,12,588025,46783
Call,14,8,20,8,AM,0,634808,4217
Call,14,9,30,25,AM,0,639025,5898
Call,14,11,8,43,AM,0,644923,359
Call,14,11,14,42,AM,0,645282,30527
Call,14,7,43,29,PM,12,675809,49331
Call,15,9,25,40,AM,0,725140,81
Call,15,9,27,1,AM,0,725221,54
Call,15,9,27,55,AM,0,725275,17549
Call,15,2,20,24,PM,12,742824,15950
Call,15,6,46,14,PM,12,758774,4471
Call,15,8,0,45,PM,12,763245,2055
Call,15,8,35,0,PM,12,765300,9903
Call,15,11,20,3,PM,12,775203,23782
Call,16,5,56,25,AM,0,798985,995
Call,16,6,13,0,AM,0,799980,959
Call,16,6,28,59,AM,0,800939,27656
Call,16,2,9,55,PM,12,828595,96
Call,16,2,11,31,PM,12,828691,499
Call,16,2,19,50,PM,12,829190,123106
Call,17,12,31,36,PM,12,952296,61
Call,17,12,32,37,PM,12,952357,-37395
Call,17,2,9,22,PM,12,914962,1032
Call,17,2,26,34,PM,12,915994,13797
Call,17,6,16,31,PM,12,929791,79
Call,17,6,17,50,PM,12,929870,54948
Call,18,9,33,38,AM,0,984818,951
Call,18,9,49,29,AM,0,985769,53780
Call,18,12,45,49,PM,12,1039549,-38852
Call,18,1,58,17,PM,12,1000697,694
Call,18,2,9,51,PM,12,1001391,5611
Call,18,3,43,22,PM,12,1007002,0
SMS received,7,7,2,50,PM,12,68570,105429
SMS received,8,12,19,59,PM,12,173999,-36331
SMS received,8,2,14,28,PM,12,137668,50
SMS received,8,2,15,18,PM,12,137718,14
SMS received,8,2,15,32,PM,12,137732,11196
SMS received,8,5,22,8,PM,12,148928,1329
SMS received,8,5,44,17,PM,12,150257,65175
SMS received,9,11,50,32,AM,0,215432,4548
SMS received,9,1,6,20,PM,12,219980,6990
SMS received,9,3,2,50,PM,12,226970,1725
SMS received,9,3,31,35,PM,12,228695,8662
SMS received,9,5,55,57,PM,12,237357,7785
SMS received,9,8,5,42,PM,12,245142,52865
SMS received,10,10,46,47,AM,0,298007,9504
SMS received,10,1,25,11,PM,12,307511,1984
SMS received,10,1,58,15,PM,12,309495,11595
SMS received,10,5,11,30,PM,12,321090,1842
SMS received,10,5,42,12,PM,12,322932,30
SMS received,10,5,42,42,PM,12,322962,2865
SMS received,10,6,30,27,PM,12,325827,60420
SMS received,11,11,17,27,AM,0,386247,2109
SMS received,11,11,52,36,AM,0,388356,320
SMS received,11,11,57,56,AM,0,388676,13390
SMS received,11,3,41,6,PM,12,402066,914
SMS received,11,3,56,20,PM,12,402980,23
SMS received,11,3,56,43,PM,12,403003,3
SMS received,11,3,56,46,PM,12,403006,11
SMS received,11,3,56,57,PM,12,403017,7316
SMS received,11,5,58,53,PM,12,410333,3872
SMS received,11,7,3,25,PM,12,414205,7847
SMS received,11,9,14,12,PM,12,422052,36
SMS received,11,9,14,48,PM,12,422088,33109
SMS received,12,6,26,37,AM,0,455197,65790
SMS received,12,12,43,7,PM,12,520987,-39001
SMS received,12,1,53,6,PM,12,481986,7691
SMS received,12,4,1,17,PM,12,489677,43
SMS received,12,4,2,0,PM,12,489720,871
SMS received,12,4,16,31,PM,12,490591,3580
SMS received,12,5,16,11,PM,12,494171,1706
SMS received,12,5,44,37,PM,12,495877,4852
SMS received,12,7,5,29,PM,12,500729,1263
SMS received,12,7,26,32,PM,12,501992,4958
SMS received,12,8,49,10,PM,12,506950,4167
SMS received,12,9,58,37,PM,12,511117,47347
SMS received,13,11,7,44,AM,0,558464,617
SMS received,13,11,18,1,AM,0,559081,205
SMS received,13,11,21,26,AM,0,559286,45994
SMS received,13,12,8,0,PM,12,605280,70
SMS received,13,12,9,10,PM,12,605350,-36408
SMS received,13,2,2,22,PM,12,568942,2753
SMS received,13,2,48,15,PM,12,571695,31
SMS received,13,2,48,46,PM,12,571726,1729
SMS received,13,3,17,35,PM,12,573455,1991
SMS received,13,3,50,46,PM,12,575446,757
SMS received,13,4,3,23,PM,12,576203,5287
SMS received,13,5,31,30,PM,12,581490,18
SMS received,13,5,31,48,PM,12,581508,302
SMS received,13,5,36,50,PM,12,581810,2567
SMS received,13,6,19,37,PM,12,584377,2610
SMS received,13,7,3,7,PM,12,586987,48460
SMS received,14,8,30,47,AM,0,635447,10142
SMS received,14,11,19,49,AM,0,645589,46737
SMS received,14,12,18,46,PM,12,692326,-25242
SMS received,14,5,18,4,PM,12,667084,1465
SMS received,14,5,42,29,PM,12,668549,57108
SMS received,15,9,34,17,AM,0,725657,1707
SMS received,15,10,2,44,AM,0,727364,1757
SMS received,15,10,32,1,AM,0,729121,25
SMS received,15,10,32,26,AM,0,729146,4520
SMS received,15,11,47,46,AM,0,733666,44345
SMS received,15,12,6,51,PM,12,778011,-33546
SMS received,15,2,47,45,PM,12,744465,2579
SMS received,15,3,30,44,PM,12,747044,18824
SMS received,15,8,44,28,PM,12,765868,98461
SMS received,16,12,5,29,PM,12,864329,11
SMS received,16,12,5,40,PM,12,864340,1637
SMS received,16,12,32,57,PM,12,865977,-40464
SMS received,16,1,18,33,PM,12,825513,3054
SMS received,16,2,9,27,PM,12,828567,11457
SMS received,16,5,20,24,PM,12,840024,6419
SMS received,16,7,7,23,PM,12,846443,55901
SMS received,17,10,39,4,AM,0,902344,1
SMS received,17,10,39,5,AM,0,902345,3230
SMS received,17,11,32,55,AM,0,905575,765
SMS received,17,11,45,40,AM,0,906340,12
SMS received,17,11,45,52,AM,0,906352,12824
SMS received,17,3,19,36,PM,12,919176,3602
SMS received,17,4,19,38,PM,12,922778,57672
SMS received,18,8,20,50,AM,0,980450,317
SMS received,18,8,26,7,AM,0,980767,136
SMS received,18,8,28,23,AM,0,980903,332
SMS received,18,8,33,55,AM,0,981235,7
SMS received,18,8,34,2,AM,0,981242,55712
SMS received,18,12,2,34,PM,12,1036954,-23468
SMS received,18,5,31,26,PM,12,1013486,3189
SMS received,18,6,24,35,PM,12,1016675,0
WiFi State Changed,7,6,0,27,PM,12,64827,433
WiFi State Changed,7,6,7,40,PM,12,65260,10
WiFi State Changed,7,6,7,50,PM,12,65270,17
WiFi State Changed,7,6,8,7,PM,12,65287,4
WiFi State Changed,7,6,8,11,PM,12,65291,0
WiFi State Changed,7,6,8,11,PM,12,65291,650
WiFi State Changed,7,6,19,1,PM,12,65941,0
WiFi State Changed,7,6,19,1,PM,12,65941,617
WiFi State Changed,7,6,29,18,PM,12,66558,11
WiFi State Changed,7,6,29,29,PM,12,66569,0
WiFi State Changed,7,6,29,29,PM,12,66569,16239
WiFi State Changed,7,11,0,8,PM,12,82808,0
WiFi State Changed,7,11,0,8,PM,12,82808,30077
WiFi State Changed,8,7,21,25,AM,0,112885,412
WiFi State Changed,8,7,28,17,AM,0,113297,30079
WiFi State Changed,8,3,49,36,PM,12,143376,55670
WiFi State Changed,9,7,17,26,AM,0,199046,50921
WiFi State Changed,9,9,26,7,PM,12,249967,1040
WiFi State Changed,9,9,43,27,PM,12,251007,36922
WiFi State Changed,10,7,58,49,AM,0,287929,59720
WiFi State Changed,10,12,34,9,PM,12,347649,20926
WiFi State Changed,11,6,22,55,AM,0,368575,52024
WiFi State Changed,11,8,49,59,PM,12,420599,33823
WiFi State Changed,12,6,13,42,AM,0,454422,224
WiFi State Changed,12,6,17,26,AM,0,454646,118622
WiFi State Changed,13,3,14,28,PM,12,573268,56105
WiFi State Changed,14,6,49,33,AM,0,629373,29820
WiFi State Changed,14,3,6,33,PM,12,659193,6094
WiFi State Changed,14,4,48,7,PM,12,665287,0
WiFi State Changed,14,4,48,7,PM,12,665287,5387
WiFi State Changed,14,6,17,54,PM,12,670674,0
WiFi State Changed,14,6,17,54,PM,12,670674,0
WiFi State Changed,14,6,17,54,PM,12,670674,14878
WiFi State Changed,14,10,25,52,PM,12,685552,18
WiFi State Changed,14,10,26,10,PM,12,685570,476
WiFi State Changed,14,10,34,6,PM,12,686046,2203
WiFi State Changed,14,11,10,49,PM,12,688249,26833
WiFi State Changed,15,6,38,2,AM,0,715082,94979
WiFi State Changed,16,9,1,1,AM,0,810061,54246
WiFi State Changed,16,12,5,7,PM,12,864307,-5875
WiFi State Changed,16,10,27,12,PM,12,858432,35694
WiFi State Changed,17,8,22,6,AM,0,894126,55562
WiFi State Changed,17,11,48,8,PM,12,949688,30315
WiFi State Changed,18,8,13,23,AM,0,980003,0
